Feature,RatioOrder,RatioValue
hemophilia,1 : 0,52.3
peritoneal,0 : 1,31.8
14c,1 : 0,28.6
dystrophy,1 : 0,28.3
contraceptive,0 : 1,26.8
progesterone,0 : 1,26.2
fibromyalgia,0 : 1,23.7
hypogonadism,1 : 0,22.6
doxorubicin,0 : 1,21.0
tamsulosin,1 : 0,21.0
oocyte,0 : 1,18.2
cavity,0 : 1,17.4
postnatal,0 : 1,17.0
rosuvastatin,1 : 0,17.0
prednisone,1 : 0,16.6
facial,0 : 1,16.3
follicle,0 : 1,16.2
cyp3a4,1 : 0,15.7
embryo,0 : 1,15.2
flash,0 : 1,15.0
transrectal,1 : 0,14.3
yoga,0 : 1,14.3
fertilization,0 : 1,14.1
epithelial,0 : 1,13.9
constipation,0 : 1,13.7
nulliparous,0 : 1,13.7
tadalafil,1 : 0,13.7
vasomotor,0 : 1,13.7
income,0 : 1,13.4
letrozole,0 : 1,13.4
folic,0 : 1,13.0
deprivation,1 : 0,13.0
androgenetic,1 : 0,13.0
ivf,0 : 1,12.8
excretion,1 : 0,12.7
radioactivity,1 : 0,12.7
enzalutamide,1 : 0,12.6
iiia,0 : 1,12.2
antigen,1 : 0,12.1
ed,1 : 0,11.8
substrate,1 : 0,11.4
bi,1 : 0,11.1
japanese,1 : 0,11.1
luts,1 : 0,10.6
estrogen,0 : 1,10.2
hcg,0 : 1,10.2
bioequivalence,1 : 0,10.1
tamoxifen,0 : 1,9.8
hyperplasia,1 : 0,9.7
kinetics,1 : 0,9.4
sentinel,0 : 1,9.4
icsi,0 : 1,9.0
perineal,0 : 1,9.0
supportive,0 : 1,9.0
fed,1 : 0,8.9
closure,0 : 1,8.6
football,1 : 0,8.6
paclitaxel,0 : 1,8.6
rising,1 : 0,8.5
soccer,1 : 0,8.4
tomography,1 : 0,8.2
sildenafil,1 : 0,8.1
pharmacodynamics,1 : 0,8.1
reproductive,0 : 1,8.1
cosmetic,0 : 1,8.1
eccentric,1 : 0,8.1
pharmacokinetics,1 : 0,8.0
hernia,1 : 0,7.9
sport,1 : 0,7.8
nursing,0 : 1,7.8
fasted,1 : 0,7.8
bioavailability,1 : 0,7.7
18f,1 : 0,7.6
insertion,0 : 1,7.5
obstructive,1 : 0,7.5
survivor,0 : 1,7.5
washout,1 : 0,7.5
hypotension,0 : 1,7.4
obstruction,1 : 0,7.4
policy,0 : 1,7.4
iiib,0 : 1,7.3
athlete,1 : 0,7.3
elimination,1 : 0,7.2
ingestion,1 : 0,7.2
pharmaceutical,1 : 0,7.2
experiencing,0 : 1,7.0
pet,1 : 0,7.0
neoadjuvant,0 : 1,6.8
family,0 : 1,6.8
frozen,0 : 1,6.7
computed,1 : 0,6.6
hypertrophy,1 : 0,6.6
elective,0 : 1,6.5
platinum,0 : 1,6.5
bmd,0 : 1,6.4
epidural,0 : 1,6.3
hot,0 : 1,6.2
aspiration,0 : 1,6.1
lh,0 : 1,6.1
quadriceps,1 : 0,6.1
inventory,0 : 1,6.1
gonadotropin,0 : 1,6.1
infertility,0 : 1,6.1
transfer,0 : 1,6.0
acupuncture,0 : 1,5.9
escalating,1 : 0,5.9
athletic,1 : 0,5.9
disparity,0 : 1,5.9
manufactured,1 : 0,5.9
music,0 : 1,5.9
reserve,0 : 1,5.9
positron,1 : 0,5.8
coagulation,1 : 0,5.7
alzheimer,1 : 0,5.7
caucasian,1 : 0,5.7
conservative,0 : 1,5.7
pf,1 : 0,5.7
preoperative,0 : 1,5.7
triple,0 : 1,5.7
inc,1 : 0,5.6
created,0 : 1,5.6
office,0 : 1,5.6
oh,0 : 1,5.6
osteopenia,0 : 1,5.6
scar,0 : 1,5.6
whey,1 : 0,5.6
amino,1 : 0,5.5
usa,1 : 0,5.5
androgen,1 : 0,5.5
radioactive,1 : 0,5.5
testosterone,1 : 0,5.5
hpv,0 : 1,5.4
metabolite,1 : 0,5.4
lidocaine,0 : 1,5.4
nurse,0 : 1,5.3
eu,1 : 0,5.3
hygiene,0 : 1,5.3
plane,0 : 1,5.3
feces,1 : 0,5.2
fasting,1 : 0,5.2
successfully,0 : 1,5.2
facility,0 : 1,5.2
cbt,0 : 1,5.2
muscular,1 : 0,5.1
satisfaction,0 : 1,5.1
intravaginal,0 : 1,5.0
taxane,0 : 1,5.0
robot,1 : 0,5.0
papillomavirus,0 : 1,5.0
ankle,1 : 0,5.0
hypoxia,1 : 0,5.0
exploration,1 : 0,5.0
dissection,0 : 1,5.0
ongoing,0 : 1,4.9
tube,0 : 1,4.9
hamstring,1 : 0,4.8
statistically,0 : 1,4.8
tracer,1 : 0,4.8
fsh,0 : 1,4.8
telephone,0 : 1,4.8
synthesis,1 : 0,4.7
gnrh,0 : 1,4.7
trastuzumab,0 : 1,4.7
epidemiological,1 : 0,4.6
going,0 : 1,4.6
manage,0 : 1,4.6
labeled,1 : 0,4.5
carboplatin,0 : 1,4.5
depressive,0 : 1,4.5
iron,0 : 1,4.5
floor,0 : 1,4.5
induction,0 : 1,4.5
lean,1 : 0,4.4
anemia,0 : 1,4.4
player,1 : 0,4.4
emission,1 : 0,4.4
depression,0 : 1,4.4
aromatase,0 : 1,4.3
coated,1 : 0,4.3
nausea,0 : 1,4.3
postoperatively,0 : 1,4.3
puncture,0 : 1,4.3
squamous,0 : 1,4.3
suture,0 : 1,4.3
pharmacodynamic,1 : 0,4.3
anxiety,0 : 1,4.3
implantation,0 : 1,4.3
prove,0 : 1,4.3
usual,0 : 1,4.3
genital,0 : 1,4.3
steady,1 : 0,4.2
endurance,1 : 0,4.2
intermediate,1 : 0,4.2
experienced,0 : 1,4.2
pelvic,0 : 1,4.2
oxidation,1 : 0,4.2
radiolabeled,1 : 0,4.1
separated,1 : 0,4.1
screen,0 : 1,4.1
il,1 : 0,4.1
consultation,0 : 1,4.1
mind,0 : 1,4.1
presentation,0 : 1,4.1
inferiority,0 : 1,4.1
ib,0 : 1,4.1
3rd,0 : 1,4.1
formulation,1 : 0,4.1
radical,1 : 0,4.1
absorption,1 : 0,4.0
segment,0 : 1,3.9
osteoporosis,0 : 1,3.9
hospital,0 : 1,3.9
urgency,0 : 1,3.9
intraepithelial,0 : 1,3.9
intimate,0 : 1,3.9
intense,1 : 0,3.9
painful,0 : 1,3.9
clamp,1 : 0,3.9
asthma,1 : 0,3.9
oxide,1 : 0,3.9
mcg,0 : 1,3.9
rural,0 : 1,3.9
incision,0 : 1,3.9
glp,1 : 0,3.8
ng,1 : 0,3.8
sodium,1 : 0,3.8
anesthesia,0 : 1,3.8
peri,0 : 1,3.8
vivo,1 : 0,3.7
waiting,0 : 1,3.7
veteran,1 : 0,3.7
rectum,1 : 0,3.7
physiology,1 : 0,3.7
meeting,0 : 1,3.7
eeg,1 : 0,3.7
communication,0 : 1,3.7
forearm,1 : 0,3.7
intraoperative,0 : 1,3.7
emotional,0 : 1,3.7
adjuvant,0 : 1,3.7
transition,0 : 1,3.7
mouse,1 : 0,3.7
glucagon,1 : 0,3.7
beam,1 : 0,3.7
relaxation,0 : 1,3.7
bout,1 : 0,3.6
caffeine,1 : 0,3.6
compression,0 : 1,3.6
preventive,0 : 1,3.5
orally,1 : 0,3.5
absolute,1 : 0,3.5
difficult,0 : 1,3.5
vomiting,0 : 1,3.5
scan,1 : 0,3.5
app,0 : 1,3.5
beverage,1 : 0,3.5
transversus,0 : 1,3.5
reference,1 : 0,3.5
overnight,1 : 0,3.5
rectal,1 : 0,3.5
nitric,1 : 0,3.5
benign,1 : 0,3.5
epidemic,1 : 0,3.5
intrathecal,0 : 1,3.5
jump,1 : 0,3.5
breakdown,1 : 0,3.5
provision,0 : 1,3.5
today,0 : 1,3.5
thickness,0 : 1,3.5
education,0 : 1,3.5
signaling,1 : 0,3.4
programme,0 : 1,3.4
postural,0 : 1,3.4
managing,0 : 1,3.4
lp,1 : 0,3.4
desire,0 : 1,3.4
premature,0 : 1,3.4
drink,1 : 0,3.4
admission,0 : 1,3.4
postprandial,1 : 0,3.4
gland,1 : 0,3.4
renal,1 : 0,3.4
electronic,0 : 1,3.4
analgesia,0 : 1,3.4
traditional,0 : 1,3.4
metabolism,1 : 0,3.4
fixed,1 : 0,3.3
postoperative,0 : 1,3.3
escalation,1 : 0,3.3
dosing,1 : 0,3.3
psychosocial,0 : 1,3.3
skeletal,1 : 0,3.3
unfortunately,0 : 1,3.3
choose,0 : 1,3.3
web,0 : 1,3.3
fear,0 : 1,3.3
dos,1 : 0,3.3
economic,0 : 1,3.2
easily,0 : 1,3.2
dilation,0 : 1,3.2
barrier,0 : 1,3.2
balance,1 : 0,3.2
third,0 : 1,3.2
intestine,1 : 0,3.2
format,0 : 1,3.2
dilatation,0 : 1,3.2
cycling,1 : 0,3.2
worldwide,0 : 1,3.2
staff,0 : 1,3.2
ct,1 : 0,3.2
schizophrenia,1 : 0,3.2
inferior,0 : 1,3.2
length,0 : 1,3.1
university,0 : 1,3.1
personal,0 : 1,3.1
mindfulness,0 : 1,3.1
locally,0 : 1,3.1
eating,0 : 1,3.1
resistant,1 : 0,3.1
liver,1 : 0,3.1
infertile,0 : 1,3.1
considering,0 : 1,3.1
surrounding,0 : 1,3.0
registered,0 : 1,3.0
ring,0 : 1,3.0
spss,0 : 1,3.0
stiffness,1 : 0,3.0
style,0 : 1,3.0
relative,1 : 0,3.0
recurrent,0 : 1,3.0
met,0 : 1,3.0
capsule,1 : 0,3.0
poor,0 : 1,3.0
adult,1 : 0,3.0
mid,0 : 1,3.0
operatively,0 : 1,3.0
meet,0 : 1,3.0
disability,0 : 1,3.0
guideline,0 : 1,3.0
activation,1 : 0,3.0
alopecia,1 : 0,3.0
isometric,1 : 0,3.0
cream,0 : 1,3.0
culture,0 : 1,3.0
arterial,1 : 0,3.0
drop,0 : 1,3.0
genotype,1 : 0,3.0
headache,0 : 1,3.0
incontinence,0 : 1,3.0
inhibits,1 : 0,3.0
abdominal,0 : 1,2.9
compliance,0 : 1,2.9
psychological,0 : 1,2.9
presenting,0 : 1,2.9
fentanyl,0 : 1,2.9
accepted,0 : 1,2.9
load,1 : 0,2.9
anthropometric,0 : 1,2.9
provider,0 : 1,2.9
record,0 : 1,2.9
tolerated,1 : 0,2.9
appearance,0 : 1,2.9
community,0 : 1,2.9
trauma,0 : 1,2.9
endocrine,0 : 1,2.9
acceptable,0 : 1,2.9
wound,0 : 1,2.9
oxygen,1 : 0,2.9
hydrochloride,1 : 0,2.9
urethral,1 : 0,2.8
ropivacaine,0 : 1,2.8
top,0 : 1,2.8
turkey,0 : 1,2.8
wellbeing,0 : 1,2.8
chinese,1 : 0,2.8
pro,1 : 0,2.8
operative,0 : 1,2.8
pain,0 : 1,2.8
face,0 : 1,2.8
college,0 : 1,2.8
endothelial,1 : 0,2.8
mineral,0 : 1,2.8
multimodal,0 : 1,2.8
success,0 : 1,2.8
magnesium,0 : 1,2.8
pill,0 : 1,2.8
laparoscopy,0 : 1,2.8
attending,0 : 1,2.8
hemoglobin,0 : 1,2.8
identical,0 : 1,2.8
ldl,1 : 0,2.8
peptide,1 : 0,2.8
elucidate,1 : 0,2.8
solid,1 : 0,2.8
practice,0 : 1,2.8
sequence,1 : 0,2.8
epidermal,0 : 1,2.8
idiopathic,0 : 1,2.8
plasma,1 : 0,2.8
persistent,0 : 1,2.7
neoplasia,0 : 1,2.7
pathologic,0 : 1,2.7
reconstruction,0 : 1,2.7
cm,0 : 1,2.7
impaired,1 : 0,2.7
play,1 : 0,2.7
experience,0 : 1,2.7
conducting,0 : 1,2.7
balloon,0 : 1,2.7
dyslipidemia,1 : 0,2.7
distress,0 : 1,2.7
adhesion,0 : 1,2.7
consecutive,1 : 0,2.7
mixed,0 : 1,2.7
1st,0 : 1,2.7
inpatient,0 : 1,2.7
society,0 : 1,2.7
outpatient,0 : 1,2.7
consent,0 : 1,2.7
bevacizumab,0 : 1,2.7
cisplatin,0 : 1,2.7
surveillance,1 : 0,2.7
informed,0 : 1,2.6
onset,0 : 1,2.6
consist,1 : 0,2.6
majority,0 : 1,2.6
contact,0 : 1,2.6
service,0 : 1,2.6
relief,0 : 1,2.6
easy,0 : 1,2.6
deep,0 : 1,2.6
stroke,1 : 0,2.6
seeking,0 : 1,2.6
manual,0 : 1,2.6
balanced,1 : 0,2.6
cluster,0 : 1,2.6
midazolam,1 : 0,2.6
carcinoma,0 : 1,2.6
complication,0 : 1,2.6
alter,1 : 0,2.6
message,0 : 1,2.6
abdominis,0 : 1,2.6
sarcopenia,1 : 0,2.6
viral,1 : 0,2.6
sex,1 : 0,2.6
pediatric,1 : 0,2.6
node,0 : 1,2.5
support,0 : 1,2.5
home,0 : 1,2.5
acute,1 : 0,2.5
inhibition,1 : 0,2.5
refractory,1 : 0,2.5
adaptation,1 : 0,2.5
feeding,0 : 1,2.5
va,0 : 1,2.5
depressed,0 : 1,2.5
bed,1 : 0,2.5
intensive,0 : 1,2.5
≥,0 : 1,2.5
lipoprotein,1 : 0,2.5
internet,0 : 1,2.5
routinely,0 : 1,2.5
vulnerable,0 : 1,2.5
recruitment,0 : 1,2.5
iu,0 : 1,2.5
healthcare,0 : 1,2.5
hepatic,1 : 0,2.5
chemical,1 : 0,2.5
trait,0 : 1,2.5
anaesthesia,0 : 1,2.5
induce,1 : 0,2.5
cost,0 : 1,2.5
centered,0 : 1,2.5
cg,0 : 1,2.5
insomnia,0 : 1,2.5
remaining,0 : 1,2.5
retrieval,0 : 1,2.5
surgery,0 : 1,2.5
laparoscopic,0 : 1,2.5
actual,0 : 1,2.5
close,0 : 1,2.5
discussion,0 : 1,2.5
occurring,0 : 1,2.5
oncology,0 : 1,2.5
rupture,0 : 1,2.5
package,0 : 1,2.5
negative,0 : 1,2.5
responder,0 : 1,2.4
continuation,0 : 1,2.4
interaction,1 : 0,2.4
kinase,1 : 0,2.4
oxidative,1 : 0,2.4
polymorphism,1 : 0,2.4
regulate,1 : 0,2.4
subcutaneous,1 : 0,2.4
sitting,0 : 1,2.4
sponsor,1 : 0,2.4
dynamic,1 : 0,2.4
offered,0 : 1,2.4
regulating,1 : 0,2.4
chemotherapy,0 : 1,2.4
successful,0 : 1,2.4
chosen,1 : 0,2.4
concerning,0 : 1,2.4
triglyceride,1 : 0,2.4
utilization,0 : 1,2.4
maximum,1 : 0,2.4
kidney,1 : 0,2.4
affecting,0 : 1,2.4
intermittent,1 : 0,2.4
incidence,0 : 1,2.4
urine,1 : 0,2.4
spinal,0 : 1,2.4
pd,1 : 0,2.4
inclusion,0 : 1,2.4
hospitalization,0 : 1,2.4
virtual,0 : 1,2.4
diary,0 : 1,2.4
management,0 : 1,2.4
breakfast,1 : 0,2.4
intestinal,1 : 0,2.4
speed,1 : 0,2.3
scheduled,0 : 1,2.3
defect,0 : 1,2.3
drawn,0 : 1,2.3
popular,0 : 1,2.3
posterior,0 : 1,2.3
allocated,0 : 1,2.3
bilateral,0 : 1,2.3
anesthetic,0 : 1,2.3
stimulating,0 : 1,2.3
protein,1 : 0,2.3
recommendation,0 : 1,2.3
altered,1 : 0,2.3
written,0 : 1,2.3
dividing,0 : 1,2.3
version,0 : 1,2.3
centre,1 : 0,2.3
thoracic,0 : 1,2.3
excessive,0 : 1,2.3
tap,0 : 1,2.3
algorithm,0 : 1,2.3
attitude,0 : 1,2.3
bm,1 : 0,2.3
cholesterol,1 : 0,2.3
d3,0 : 1,2.3
accumulation,1 : 0,2.3
integrated,0 : 1,2.3
resource,0 : 1,2.3
select,0 : 1,2.3
slow,1 : 0,2.3
suspension,1 : 0,2.3
abnormal,0 : 1,2.3
perfusion,1 : 0,2.3
problem,0 : 1,2.2
released,1 : 0,2.2
personalized,0 : 1,2.2
focusing,0 : 1,2.2
chest,0 : 1,2.2
acceptance,0 : 1,2.2
lymph,0 : 1,2.2
mode,0 : 1,2.2
suffer,0 : 1,2.2
neural,1 : 0,2.2
korean,1 : 0,2.2
institution,0 : 1,2.2
initiate,0 : 1,2.2
urge,0 : 1,2.2
sti,1 : 0,2.2
modulation,1 : 0,2.2
resonance,1 : 0,2.2
lumbar,0 : 1,2.2
saline,0 : 1,2.2
biochemical,1 : 0,2.2
surgeon,0 : 1,2.2
whose,0 : 1,2.2
self,0 : 1,2.2
ideal,0 : 1,2.2
monotherapy,1 : 0,2.2
vascular,1 : 0,2.2
adequate,0 : 1,2.2
feasible,0 : 1,2.2
preparation,0 : 1,2.2
live,0 : 1,2.2
indicates,0 : 1,2.2
permanent,0 : 1,2.2
exclusion,0 : 1,2.2
concentration,1 : 0,2.2
visual,0 : 1,2.2
prevents,0 : 1,2.2
personnel,0 : 1,2.2
operating,0 : 1,2.2
database,0 : 1,2.2
accelerated,0 : 1,2.2
severity,0 : 1,2.2
willing,0 : 1,2.2
observe,0 : 1,2.2
involvement,1 : 0,2.2
fall,0 : 1,2.2
consumed,1 : 0,2.2
demonstrating,0 : 1,2.2
educational,0 : 1,2.2
wait,0 : 1,2.2
attempt,0 : 1,2.2
counseling,0 : 1,2.2
ptsd,0 : 1,2.2
understanding,1 : 0,2.2
boost,1 : 0,2.2
ultrasound,0 : 1,2.2
preventing,0 : 1,2.2
bowel,0 : 1,2.2
cerebral,1 : 0,2.2
flexibility,1 : 0,2.2
implementation,0 : 1,2.2
choice,0 : 1,2.2
separate,1 : 0,2.2
morbidity,0 : 1,2.2
line,0 : 1,2.2
public,0 : 1,2.1
lateral,0 : 1,2.1
favorable,1 : 0,2.1
crucial,1 : 0,2.1
committee,0 : 1,2.1
physician,0 : 1,2.1
diabetes,1 : 0,2.1
country,0 : 1,2.1
analog,0 : 1,2.1
clinic,0 : 1,2.1
loss,0 : 1,2.1
interview,0 : 1,2.1
compound,1 : 0,2.1
reflect,0 : 1,2.1
propofol,0 : 1,2.1
randomly,0 : 1,2.1
opioid,0 : 1,2.1
juice,1 : 0,2.1
middle,0 : 1,2.1
multicentre,0 : 1,2.1
pca,1 : 0,2.1
recorded,0 : 1,2.1
timing,0 : 1,2.1
advanced,0 : 1,2.1
us,0 : 1,2.1
chain,1 : 0,2.1
ecg,1 : 0,2.1
protect,1 : 0,2.1
score,0 : 1,2.1
need,0 : 1,2.1
denosumab,0 : 1,2.1
criterion,0 : 1,2.1
routine,0 : 1,2.1
percentage,0 : 1,2.1
organization,0 : 1,2.1
co,1 : 0,2.1
repeated,1 : 0,2.1
china,1 : 0,2.1
consisted,0 : 1,2.1
generated,0 : 1,2.1
indicate,1 : 0,2.1
mr,1 : 0,2.1
bmi,0 : 1,2.1
existing,0 : 1,2.1
concomitant,1 : 0,2.1
recognized,0 : 1,2.1
overweight,0 : 1,2.1
suppression,1 : 0,2.1
m2,0 : 1,2.1
morphine,0 : 1,2.1
damage,1 : 0,2.1
die,0 : 1,2.1
releasing,0 : 1,2.1
potent,1 : 0,2.1
food,1 : 0,2.1
adenocarcinoma,1 : 0,2.1
enrollment,0 : 1,2.1
antioxidant,1 : 0,2.1
pulmonary,1 : 0,2.1
emergency,0 : 1,2.1
worker,0 : 1,2.1
manner,1 : 0,2.0
enhancing,1 : 0,2.0
bolus,0 : 1,2.0
unique,0 : 1,2.0
overactive,0 : 1,2.0
malignant,0 : 1,2.0
involving,0 : 1,2.0
burden,0 : 1,2.0
disturbance,0 : 1,2.0
hemodynamic,0 : 1,2.0
questionnaire,0 : 1,2.0
er,0 : 1,2.0
asymptomatic,1 : 0,2.0
instrument,0 : 1,2.0
surface,1 : 0,2.0
absorbed,1 : 0,2.0
activated,1 : 0,2.0
count,1 : 0,2.0
head,0 : 1,2.0
location,1 : 0,2.0
percent,0 : 1,2.0
plant,1 : 0,2.0
undergone,0 : 1,2.0
whereas,0 : 1,2.0
carried,0 : 1,2.0
glucose,1 : 0,2.0
magnetic,1 : 0,2.0
release,1 : 0,2.0
fertility,0 : 1,2.0
inhibitor,1 : 0,2.0
consuming,1 : 0,2.0
etc,0 : 1,2.0
pathological,0 : 1,2.0
cold,1 : 0,2.0
text,0 : 1,2.0
relatively,1 : 0,2.0
perioperative,0 : 1,2.0
prophylactic,0 : 1,2.0
scale,0 : 1,2.0
adapted,0 : 1,2.0
mellitus,1 : 0,2.0
surgical,0 : 1,2.0
literature,0 : 1,2.0
mediated,1 : 0,2.0
imaging,1 : 0,2.0
pathway,1 : 0,2.0
access,0 : 1,2.0
inflammation,1 : 0,2.0
stay,0 : 1,2.0
participating,0 : 1,2.0
milk,0 : 1,2.0
issue,0 : 1,2.0
planning,0 : 1,2.0
fraction,1 : 0,1.9
seek,0 : 1,1.9
device,0 : 1,1.9
stopping,0 : 1,1.9
infusion,1 : 0,1.9
mass,1 : 0,1.9
substantial,0 : 1,1.9
run,0 : 1,1.9
proof,1 : 0,1.9
heat,1 : 0,1.9
ablation,1 : 0,1.9
molecule,1 : 0,1.9
discomfort,0 : 1,1.9
intravenous,1 : 0,1.9
violence,0 : 1,1.9
strain,1 : 0,1.9
immediately,0 : 1,1.9
expenditure,1 : 0,1.9
occurs,0 : 1,1.9
bupivacaine,0 : 1,1.9
beta,1 : 0,1.9
post,0 : 1,1.9
detecting,1 : 0,1.9
call,0 : 1,1.9
coping,0 : 1,1.9
expect,0 : 1,1.9
descriptive,0 : 1,1.9
rest,1 : 0,1.9
half,0 : 1,1.9
obese,0 : 1,1.9
role,1 : 0,1.9
suspected,0 : 1,1.9
supplemented,1 : 0,1.9
requiring,0 : 1,1.9
predict,0 : 1,1.9
forty,0 : 1,1.9
fmri,1 : 0,1.9
coronary,1 : 0,1.9
lung,1 : 0,1.9
gel,0 : 1,1.9
alternative,0 : 1,1.9
wall,0 : 1,1.9
provides,0 : 1,1.9
guide,0 : 1,1.9
clinician,0 : 1,1.9
circulating,1 : 0,1.9
across,0 : 1,1.9
iii,0 : 1,1.9
dysfunction,1 : 0,1.9
prep,1 : 0,1.9
invasive,0 : 1,1.9
gut,1 : 0,1.9
meal,1 : 0,1.9
contributing,1 : 0,1.9
colony,0 : 1,1.9
collaboration,0 : 1,1.9
addiction,1 : 0,1.9
knowledge,0 : 1,1.9
perceived,0 : 1,1.9
functioning,0 : 1,1.9
density,0 : 1,1.9
though,0 : 1,1.9
rct,0 : 1,1.9
enter,1 : 0,1.9
dummy,1 : 0,1.9
curve,1 : 0,1.9
completing,0 : 1,1.9
recommended,0 : 1,1.9
trigger,0 : 1,1.9
sc,1 : 0,1.9
insufficiency,0 : 1,1.9
homeostasis,1 : 0,1.9
antiretroviral,1 : 0,1.9
animal,1 : 0,1.9
traumatic,0 : 1,1.9
domain,1 : 0,1.9
perspective,0 : 1,1.9
matrix,1 : 0,1.9
larger,0 : 1,1.9
initiation,0 : 1,1.9
micro,1 : 0,1.9
avoid,0 : 1,1.9
abuse,0 : 1,1.9
significant,0 : 1,1.9
brain,1 : 0,1.9
adipose,1 : 0,1.9
neuromuscular,1 : 0,1.9
innovative,0 : 1,1.9
video,0 : 1,1.9
progressive,1 : 0,1.9
phone,0 : 1,1.9
regulatory,1 : 0,1.9
et,0 : 1,1.9
diabetic,1 : 0,1.9
case,0 : 1,1.9
weight,0 : 1,1.9
docetaxel,1 : 0,1.9
view,0 : 1,1.9
scanner,1 : 0,1.9
precise,1 : 0,1.9
department,0 : 1,1.9
ischemia,1 : 0,1.8
directed,0 : 1,1.8
drinking,1 : 0,1.8
earlier,0 : 1,1.8
examines,0 : 1,1.8
contraction,0 : 1,1.8
maximal,1 : 0,1.8
structural,1 : 0,1.8
dependent,1 : 0,1.8
computer,0 : 1,1.8
perception,0 : 1,1.8
procedure,0 : 1,1.8
reliable,0 : 1,1.8
resting,1 : 0,1.8
antibiotic,0 : 1,1.8
uptake,1 : 0,1.8
peripheral,1 : 0,1.8
general,0 : 1,1.8
organ,0 : 1,1.8
planned,0 : 1,1.8
youth,1 : 0,1.8
voluntary,1 : 0,1.8
sepsis,1 : 0,1.8
pcr,0 : 1,1.8
many,0 : 1,1.8
ingredient,1 : 0,1.8
mortality,0 : 1,1.8
discharge,0 : 1,1.8
property,1 : 0,1.8
previously,1 : 0,1.8
mri,1 : 0,1.8
plan,0 : 1,1.8
occur,0 : 1,1.8
later,0 : 1,1.8
europe,1 : 0,1.8
primarily,0 : 1,1.8
feedback,0 : 1,1.8
mobile,0 : 1,1.8
fat,1 : 0,1.8
wide,0 : 1,1.8
understood,1 : 0,1.8
suitable,0 : 1,1.8
referral,0 : 1,1.8
lasting,0 : 1,1.8
kind,1 : 0,1.8
intramuscular,1 : 0,1.8
gastric,1 : 0,1.8
demographic,0 : 1,1.8
derived,1 : 0,1.8
aimed,0 : 1,1.8
enzyme,1 : 0,1.8
student,0 : 1,1.8
partially,1 : 0,1.8
guidance,0 : 1,1.8
error,0 : 1,1.8
observational,0 : 1,1.8
school,0 : 1,1.8
preference,0 : 1,1.8
difficulty,0 : 1,1.8
setting,0 : 1,1.8
context,0 : 1,1.8
prevent,0 : 1,1.8
substance,1 : 0,1.8
bleeding,0 : 1,1.8
introduction,0 : 1,1.8
stress,0 : 1,1.8
reason,0 : 1,1.8
survey,0 : 1,1.8
approach,0 : 1,1.8
reality,0 : 1,1.8
positively,0 : 1,1.8
insufficient,0 : 1,1.8
alfa,1 : 0,1.8
2nd,0 : 1,1.8
value,0 : 1,1.8
assigned,0 : 1,1.8
prevalence,0 : 1,1.8
cross,1 : 0,1.8
cessation,0 : 1,1.8
efficacious,1 : 0,1.8
world,0 : 1,1.8
bid,1 : 0,1.8
place,0 : 1,1.8
hepatitis,1 : 0,1.8
game,1 : 0,1.8
consisting,0 : 1,1.8
carbon,1 : 0,1.8
10mg,1 : 0,1.8
social,0 : 1,1.8
repair,1 : 0,1.8
art,0 : 1,1.8
even,0 : 1,1.8
characteristic,1 : 0,1.8
usage,0 : 1,1.8
million,0 : 1,1.8
united,0 : 1,1.8
africa,0 : 1,1.8
pre,0 : 1,1.8
motivation,0 : 1,1.8
syndrome,0 : 1,1.8
spectrum,1 : 0,1.8
turnover,0 : 1,1.8
production,1 : 0,1.8
typical,0 : 1,1.8
medium,0 : 1,1.8
user,0 : 1,1.8
brief,0 : 1,1.8
regional,0 : 1,1.8
growing,0 : 1,1.7
route,1 : 0,1.7
placed,0 : 1,1.7
rich,1 : 0,1.7
tailored,0 : 1,1.7
walking,0 : 1,1.7
promoting,0 : 1,1.7
heavy,0 : 1,1.7
basic,1 : 0,1.7
killing,0 : 1,1.7
mouth,1 : 0,1.7
grow,0 : 1,1.7
elderly,1 : 0,1.7
applying,0 : 1,1.7
solution,1 : 0,1.7
lifestyle,0 : 1,1.7
removal,0 : 1,1.7
project,0 : 1,1.7
reduces,0 : 1,1.7
vitro,0 : 1,1.7
history,0 : 1,1.7
x,1 : 0,1.7
gain,0 : 1,1.7
stable,1 : 0,1.7
n,0 : 1,1.7
commonly,0 : 1,1.7
whole,1 : 0,1.7
sense,0 : 1,1.7
quantity,0 : 1,1.7
principal,0 : 1,1.7
opportunity,0 : 1,1.7
occurrence,0 : 1,1.7
involves,0 : 1,1.7
intravenously,1 : 0,1.7
insight,1 : 0,1.7
efficiency,0 : 1,1.7
aging,0 : 1,1.7
propose,0 : 1,1.7
cord,0 : 1,1.7
regarding,0 : 1,1.7
typically,0 : 1,1.7
adding,0 : 1,1.7
application,0 : 1,1.7
improving,0 : 1,1.7
wish,0 : 1,1.7
thirty,0 : 1,1.7
pathogenesis,1 : 0,1.7
methodology,0 : 1,1.7
list,0 : 1,1.7
identifying,0 : 1,1.7
helping,0 : 1,1.7
consensus,0 : 1,1.7
comfort,0 : 1,1.7
adaptive,1 : 0,1.7
peak,1 : 0,1.7
liquid,1 : 0,1.7
monitoring,0 : 1,1.7
multicenter,0 : 1,1.7
surgically,0 : 1,1.7
muscle,1 : 0,1.7
platform,0 : 1,1.7
fast,1 : 0,1.7
controlling,0 : 1,1.7
posture,1 : 0,1.7
gastrointestinal,0 : 1,1.7
omega,0 : 1,1.7
interactive,0 : 1,1.7
individually,0 : 1,1.7
generally,1 : 0,1.7
filled,0 : 1,1.7
irradiation,0 : 1,1.7
combining,0 : 1,1.7
cytokine,1 : 0,1.7
mental,0 : 1,1.7
sampling,1 : 0,1.7
shorter,0 : 1,1.7
address,0 : 1,1.7
resection,1 : 0,1.7
fatty,1 : 0,1.7
specialized,0 : 1,1.6
ease,0 : 1,1.6
fold,0 : 1,1.6
preclinical,1 : 0,1.6
pump,0 : 1,1.6
simple,0 : 1,1.6
require,0 : 1,1.6
symptomatic,0 : 1,1.6
signal,1 : 0,1.6
significance,0 : 1,1.6
unclear,1 : 0,1.6
administer,0 : 1,1.6
regimen,0 : 1,1.6
dexamethasone,0 : 1,1.6
breathing,0 : 1,1.6
widespread,0 : 1,1.6
output,1 : 0,1.6
monthly,0 : 1,1.6
maintaining,0 : 1,1.6
initiated,0 : 1,1.6
energy,1 : 0,1.6
motion,1 : 0,1.6
optimal,0 : 1,1.6
measuring,1 : 0,1.6
enroll,0 : 1,1.6
b,1 : 0,1.6
respectively,1 : 0,1.6
investigating,1 : 0,1.6
profile,1 : 0,1.6
documented,0 : 1,1.6
appetite,1 : 0,1.6
become,0 : 1,1.6
south,0 : 1,1.6
consume,1 : 0,1.6
status,0 : 1,1.6
phenomenon,1 : 0,1.6
normally,0 : 1,1.6
modulated,1 : 0,1.6
internal,0 : 1,1.6
height,0 : 1,1.6
functionality,0 : 1,1.6
extremity,1 : 0,1.6
distributed,1 : 0,1.6
comparable,0 : 1,1.6
le,0 : 1,1.6
superior,0 : 1,1.6
regulation,1 : 0,1.6
hypertension,1 : 0,1.6
promotion,0 : 1,1.6
morning,1 : 0,1.6
likelihood,0 : 1,1.6
invited,0 : 1,1.6
initially,1 : 0,1.6
greater,0 : 1,1.6
emerging,1 : 0,1.6
eligibility,1 : 0,1.6
develop,0 : 1,1.6
death,0 : 1,1.6
cognition,1 : 0,1.6
fitness,0 : 1,1.6
cortex,1 : 0,1.6
learning,0 : 1,1.6
malaria,1 : 0,1.6
hdl,1 : 0,1.6
france,0 : 1,1.6
dr,1 : 0,1.6
cardiometabolic,0 : 1,1.6
axis,1 : 0,1.6
apart,1 : 0,1.6
according,0 : 1,1.6
mechanism,1 : 0,1.6
laboratory,1 : 0,1.6
review,0 : 1,1.6
equivalent,0 : 1,1.6
deficiency,0 : 1,1.6
neck,0 : 1,1.6
hence,1 : 0,1.6
go,0 : 1,1.6
gene,1 : 0,1.6
sedation,0 : 1,1.6
comprehensive,0 : 1,1.6
unit,0 : 1,1.6
secretion,1 : 0,1.6
injury,1 : 0,1.6
diagnosis,0 : 1,1.6
applied,0 : 1,1.6
specifically,0 : 1,1.6
image,0 : 1,1.6
progression,1 : 0,1.6
lack,0 : 1,1.6
implication,0 : 1,1.6
de,1 : 0,1.6
oab,0 : 1,1.6
water,1 : 0,1.6
predictor,0 : 1,1.6
rapidly,0 : 1,1.6
physiotherapy,0 : 1,1.6
inserted,0 : 1,1.6
delivering,0 : 1,1.6
carbohydrate,1 : 0,1.6
positive,0 : 1,1.6
technology,0 : 1,1.6
implant,0 : 1,1.6
fracture,0 : 1,1.6
american,0 : 1,1.6
follow,0 : 1,1.6
insulin,1 : 0,1.6
decision,0 : 1,1.6
considered,0 : 1,1.6
reported,0 : 1,1.6
air,1 : 0,1.6
towards,0 : 1,1.6
behavioral,0 : 1,1.6
oxytocin,0 : 1,1.6
aerobic,1 : 0,1.6
prophylaxis,1 : 0,1.6
online,0 : 1,1.6
operation,0 : 1,1.6
reach,0 : 1,1.6
analgesic,0 : 1,1.6
end,0 : 1,1.5
iib,0 : 1,1.5
assay,1 : 0,1.5
calculation,1 : 0,1.5
concern,0 : 1,1.5
determination,1 : 0,1.5
differ,1 : 0,1.5
doppler,0 : 1,1.5
psychiatric,0 : 1,1.5
longitudinal,0 : 1,1.5
measurable,0 : 1,1.5
mixture,1 : 0,1.5
nicotine,1 : 0,1.5
strengthening,0 : 1,1.5
raise,0 : 1,1.5
retrospective,0 : 1,1.5
side,0 : 1,1.5
white,1 : 0,1.5
qualitative,0 : 1,1.5
medication,0 : 1,1.5
usually,0 : 1,1.5
hip,0 : 1,1.5
professional,0 : 1,1.5
term,0 : 1,1.5
bacterial,0 : 1,1.5
variety,0 : 1,1.5
processing,0 : 1,1.5
rather,0 : 1,1.5
focus,0 : 1,1.5
ambulatory,1 : 0,1.5
citrate,0 : 1,1.5
deficit,1 : 0,1.5
endogenous,1 : 0,1.5
numerous,0 : 1,1.5
suggest,1 : 0,1.5
oil,0 : 1,1.5
offer,0 : 1,1.5
inflammatory,1 : 0,1.5
submitted,0 : 1,1.5
unacceptable,0 : 1,1.5
defined,0 : 1,1.5
aspect,0 : 1,1.5
adherence,0 : 1,1.5
extract,1 : 0,1.5
position,0 : 1,1.5
seed,1 : 0,1.5
would,0 : 1,1.5
acetate,1 : 0,1.5
thought,0 : 1,1.5
young,1 : 0,1.5
dual,0 : 1,1.5
lowering,0 : 1,1.5
subgroup,0 : 1,1.5
resolution,0 : 1,1.5
adjusted,1 : 0,1.5
extent,1 : 0,1.5
building,0 : 1,1.5
chlamydia,1 : 0,1.5
comparator,1 : 0,1.5
conjunction,0 : 1,1.5
enriched,1 : 0,1.5
esteem,0 : 1,1.5
formed,0 : 1,1.5
repetition,1 : 0,1.5
hypothalamic,1 : 0,1.5
inadequate,0 : 1,1.5
inhibitory,0 : 1,1.5
osteoarthritis,0 : 1,1.5
overcome,0 : 1,1.5
prediction,0 : 1,1.5
fewer,0 : 1,1.5
protective,1 : 0,1.5
statistical,0 : 1,1.5
variability,1 : 0,1.5
best,0 : 1,1.5
block,0 : 1,1.5
focused,0 : 1,1.5
ajcc,0 : 1,1.5
america,1 : 0,1.5
approval,0 : 1,1.5
influenza,0 : 1,1.5
luteinizing,0 : 1,1.5
marrow,1 : 0,1.5
practical,0 : 1,1.5
thermal,1 : 0,1.5
improved,0 : 1,1.5
mood,0 : 1,1.5
national,0 : 1,1.5
region,0 : 1,1.5
heart,1 : 0,1.5
grade,0 : 1,1.5
engagement,0 : 1,1.5
diagnostic,0 : 1,1.5
improves,0 : 1,1.5
proportion,0 : 1,1.5
start,0 : 1,1.5
material,0 : 1,1.5
availability,1 : 0,1.5
cardiac,1 : 0,1.5
randomization,0 : 1,1.5
receiving,0 : 1,1.5
alcohol,1 : 0,1.5
partial,0 : 1,1.5
aid,1 : 0,1.5
providing,0 : 1,1.5
continuous,0 : 1,1.5
stop,0 : 1,1.5
class,0 : 1,1.5
circulation,1 : 0,1.5
atrophy,0 : 1,1.5
yield,0 : 1,1.5
selective,1 : 0,1.5
combined,0 : 1,1.5
exam,0 : 1,1.5
needed,0 : 1,1.5
come,0 : 1,1.5
anterior,0 : 1,1.5
motor,1 : 0,1.5
suggested,1 : 0,1.5
science,0 : 1,1.5
infected,0 : 1,1.5
remain,1 : 0,1.5
question,0 : 1,1.5
information,0 : 1,1.5
immunogenicity,1 : 0,1.5
likely,0 : 1,1.5
stimulus,1 : 0,1.5
stimulation,0 : 1,1.5
r,0 : 1,1.5
relapse,0 : 1,1.5
anal,1 : 0,1.5
cardiovascular,1 : 0,1.5
awareness,0 : 1,1.5
commercially,1 : 0,1.5
optimize,0 : 1,1.5
outside,0 : 1,1.5
detected,0 : 1,1.5
resistance,1 : 0,1.5
spine,0 : 1,1.5
radiation,1 : 0,1.5
alpha,1 : 0,1.5
global,0 : 1,1.5
increasingly,0 : 1,1.5
opioids,0 : 1,1.5
entire,0 : 1,1.4
starting,0 : 1,1.4
reduction,0 : 1,1.4
electrical,1 : 0,1.4
includes,0 : 1,1.4
commercial,1 : 0,1.4
unilateral,1 : 0,1.4
exist,1 : 0,1.4
exists,0 : 1,1.4
fish,0 : 1,1.4
modify,0 : 1,1.4
regression,0 : 1,1.4
systematic,0 : 1,1.4
flow,1 : 0,1.4
impairment,1 : 0,1.4
relieve,1 : 0,1.4
already,0 : 1,1.4
evaluating,0 : 1,1.4
bladder,0 : 1,1.4
unknown,0 : 1,1.4
cc,0 : 1,1.4
concurrent,0 : 1,1.4
digital,0 : 1,1.4
distribution,1 : 0,1.4
prognostic,0 : 1,1.4
appropriate,0 : 1,1.4
proper,0 : 1,1.4
sleep,0 : 1,1.4
space,0 : 1,1.4
special,1 : 0,1.4
validated,0 : 1,1.4
verify,0 : 1,1.4
probe,1 : 0,1.4
collection,0 : 1,1.4
local,0 : 1,1.4
sexually,1 : 0,1.4
proposed,0 : 1,1.4
despite,0 : 1,1.4
kg,1 : 0,1.4
participate,0 : 1,1.4
recovery,1 : 0,1.4
highest,1 : 0,1.4
attention,0 : 1,1.4
vaccination,0 : 1,1.4
situation,0 : 1,1.4
feature,0 : 1,1.4
lesion,0 : 1,1.4
interval,1 : 0,1.4
obesity,0 : 1,1.4
underwent,0 : 1,1.4
right,0 : 1,1.4
major,0 : 1,1.4
collect,0 : 1,1.4
depending,1 : 0,1.4
adolescent,0 : 1,1.4
metastatic,1 : 0,1.4
maintenance,0 : 1,1.4
around,0 : 1,1.4
quantify,1 : 0,1.4
induces,1 : 0,1.4
condom,1 : 0,1.4
autonomic,1 : 0,1.4
kill,0 : 1,1.4
candidate,1 : 0,1.4
moreover,1 : 0,1.4
technique,0 : 1,1.4
association,0 : 1,1.4
produced,1 : 0,1.4
back,0 : 1,1.4
gold,0 : 1,1.4
longer,1 : 0,1.4
metastasis,1 : 0,1.4
complaint,0 : 1,1.4
continue,0 : 1,1.4
covid,0 : 1,1.4
extraction,0 : 1,1.4
india,1 : 0,1.4
al,0 : 1,1.4
median,0 : 1,1.4
myocardial,1 : 0,1.4
prevalent,0 : 1,1.4
supply,0 : 1,1.4
index,0 : 1,1.4
explored,1 : 0,1.4
full,0 : 1,1.4
recruited,0 : 1,1.4
catheter,0 : 1,1.4
hiv,1 : 0,1.4
lipid,1 : 0,1.4
threshold,1 : 0,1.4
selection,1 : 0,1.4
repeat,1 : 0,1.4
nature,0 : 1,1.4
inform,0 : 1,1.4
european,0 : 1,1.4
brachytherapy,1 : 0,1.4
skin,0 : 1,1.4
widely,0 : 1,1.4
showed,0 : 1,1.4
number,0 : 1,1.4
published,0 : 1,1.4
healing,0 : 1,1.4
child,0 : 1,1.4
sub,0 : 1,1.4
ph,0 : 1,1.4
leg,1 : 0,1.4
underlying,1 : 0,1.4
skill,0 : 1,1.4
participated,1 : 0,1.4
begin,0 : 1,1.4
presence,1 : 0,1.4
effort,0 : 1,1.4
alteration,0 : 1,1.4
furthermore,1 : 0,1.4
wave,0 : 1,1.4
varying,0 : 1,1.4
utilizing,0 : 1,1.4
salt,1 : 0,1.4
posttraumatic,0 : 1,1.4
learn,0 : 1,1.4
microbiota,1 : 0,1.4
platelet,1 : 0,1.4
assisted,0 : 1,1.4
harm,0 : 1,1.4
significantly,0 : 1,1.4
strength,1 : 0,1.4
age,0 : 1,1.4
natural,0 : 1,1.4
force,1 : 0,1.4
f,1 : 0,1.4
prior,0 : 1,1.4
higher,0 : 1,1.4
apply,0 : 1,1.4
canada,0 : 1,1.4
fruit,1 : 0,1.4
musculoskeletal,0 : 1,1.3
nervous,1 : 0,1.3
pelvis,0 : 1,1.3
prone,0 : 1,1.3
rt,0 : 1,1.3
largely,0 : 1,1.3
sensitivity,1 : 0,1.3
tobacco,0 : 1,1.3
sensitive,0 : 1,1.3
topic,1 : 0,1.3
point,0 : 1,1.3
evaluates,0 : 1,1.3
african,1 : 0,1.3
h,1 : 0,1.3
influenced,1 : 0,1.3
pressure,0 : 1,1.3
protocol,0 : 1,1.3
theory,0 : 1,1.3
researcher,0 : 1,1.3
instructed,0 : 1,1.3
diagnosed,0 : 1,1.3
fluid,0 : 1,1.3
size,0 : 1,1.3
answer,0 : 1,1.3
believe,0 : 1,1.3
fight,0 : 1,1.3
foot,1 : 0,1.3
mobility,1 : 0,1.3
probiotic,0 : 1,1.3
restricted,0 : 1,1.3
tumour,1 : 0,1.3
key,0 : 1,1.3
fatigue,1 : 0,1.3
correlate,0 : 1,1.3
others,0 : 1,1.3
respect,1 : 0,1.3
functional,1 : 0,1.3
almost,1 : 0,1.3
central,1 : 0,1.3
childhood,0 : 1,1.3
expert,0 : 1,1.3
c,0 : 1,1.3
follows,1 : 0,1.3
complex,0 : 1,1.3
cure,1 : 0,1.3
regard,0 : 1,1.3
regular,0 : 1,1.3
room,0 : 1,1.3
chronic,1 : 0,1.3
enhanced,0 : 1,1.3
linked,1 : 0,1.3
asian,0 : 1,1.3
characterized,1 : 0,1.3
introduced,0 : 1,1.3
see,0 : 1,1.3
synthetic,0 : 1,1.3
tenofovir,0 : 1,1.3
vaccine,0 : 1,1.3
induced,1 : 0,1.3
antagonist,0 : 1,1.3
delayed,0 : 1,1.3
yet,0 : 1,1.3
critical,0 : 1,1.3
hypothesized,0 : 1,1.3
formation,0 : 1,1.3
decreasing,0 : 1,1.3
option,0 : 1,1.3
advance,0 : 1,1.3
cortisol,0 : 1,1.3
culturally,0 : 1,1.3
red,1 : 0,1.3
serve,1 : 0,1.3
soft,1 : 0,1.3
visit,0 : 1,1.3
improvement,0 : 1,1.3
elevated,1 : 0,1.3
recombinant,1 : 0,1.3
much,1 : 0,1.3
containing,1 : 0,1.3
work,0 : 1,1.3
modality,0 : 1,1.3
suffering,0 : 1,1.3
established,0 : 1,1.3
last,1 : 0,1.3
knee,1 : 0,1.3
individual,1 : 0,1.3
preliminary,0 : 1,1.3
particularly,0 : 1,1.3
suggests,0 : 1,1.3
next,0 : 1,1.3
rating,0 : 1,1.3
vein,1 : 0,1.3
intra,0 : 1,1.3
date,0 : 1,1.3
disease,1 : 0,1.3
although,1 : 0,1.3
promote,0 : 1,1.3
appears,1 : 0,1.3
highly,0 : 1,1.3
nutrition,0 : 1,1.3
environment,0 : 1,1.3
equal,0 : 1,1.3
rehabilitation,1 : 0,1.3
calcium,0 : 1,1.3
investigates,1 : 0,1.3
congenital,1 : 0,1.3
correlated,1 : 0,1.3
previous,0 : 1,1.3
venous,0 : 1,1.3
presented,0 : 1,1.3
often,0 : 1,1.3
artery,1 : 0,1.3
base,1 : 0,1.3
becomes,1 : 0,1.3
beyond,0 : 1,1.3
circumference,0 : 1,1.3
degree,1 : 0,1.3
excess,0 : 1,1.3
stem,1 : 0,1.3
rise,1 : 0,1.3
tone,0 : 1,1.3
visceral,1 : 0,1.3
parallel,1 : 0,1.3
biopsy,1 : 0,1.3
black,1 : 0,1.3
explain,1 : 0,1.3
indeed,0 : 1,1.3
intention,1 : 0,1.3
external,1 : 0,1.3
limit,1 : 0,1.3
growth,0 : 1,1.3
accurate,0 : 1,1.3
thigh,0 : 1,1.3
better,0 : 1,1.3
illness,0 : 1,1.3
reduced,0 : 1,1.3
double,1 : 0,1.3
tumor,0 : 1,1.3
large,0 : 1,1.3
toxicity,0 : 1,1.3
chance,0 : 1,1.3
pandemic,0 : 1,1.3
delay,1 : 0,1.3
sequential,1 : 0,1.3
particular,1 : 0,1.3
specific,1 : 0,1.3
prescribed,0 : 1,1.3
sugar,1 : 0,1.3
prevention,0 : 1,1.3
sham,0 : 1,1.3
stool,1 : 0,1.3
understand,1 : 0,1.3
north,1 : 0,1.3
action,1 : 0,1.3
twice,0 : 1,1.3
product,1 : 0,1.3
monitored,1 : 0,1.3
intake,1 : 0,1.3
intend,0 : 1,1.3
near,0 : 1,1.3
untreated,0 : 1,1.3
future,0 : 1,1.3
clinically,1 : 0,1.3
p,1 : 0,1.3
inactivity,0 : 1,1.3
alleviate,1 : 0,1.3
corresponding,1 : 0,1.3
electrocardiogram,1 : 0,1.3
faster,0 : 1,1.3
gained,1 : 0,1.3
agonist,1 : 0,1.3
international,0 : 1,1.3
expression,1 : 0,1.2
seen,0 : 1,1.2
newly,0 : 1,1.2
together,1 : 0,1.2
examination,0 : 1,1.2
minority,1 : 0,1.2
non,0 : 1,1.2
malignancy,0 : 1,1.2
toward,0 : 1,1.2
naturally,0 : 1,1.2
increasing,0 : 1,1.2
biological,1 : 0,1.2
session,0 : 1,1.2
account,0 : 1,1.2
eligible,0 : 1,1.2
gap,1 : 0,1.2
independent,1 : 0,1.2
possibility,1 : 0,1.2
schedule,1 : 0,1.2
sensation,0 : 1,1.2
injection,1 : 0,1.2
biomarkers,1 : 0,1.2
enough,0 : 1,1.2
perform,0 : 1,1.2
isolated,1 : 0,1.2
neoplasm,0 : 1,1.2
correct,0 : 1,1.2
seems,1 : 0,1.2
anatomical,1 : 0,1.2
randomised,1 : 0,1.2
monitor,0 : 1,1.2
nutritional,0 : 1,1.2
molecular,1 : 0,1.2
hr,0 : 1,1.2
indicator,1 : 0,1.2
vital,1 : 0,1.2
nutrient,1 : 0,1.2
satiety,1 : 0,1.2
sometimes,0 : 1,1.2
controversial,0 : 1,1.2
stability,0 : 1,1.2
try,1 : 0,1.2
want,1 : 0,1.2
produce,0 : 1,1.2
blocking,0 : 1,1.2
consumption,1 : 0,1.2
ad,1 : 0,1.2
author,0 : 1,1.2
challenge,1 : 0,1.2
conclusion,0 : 1,1.2
retention,1 : 0,1.2
hand,0 : 1,1.2
binding,0 : 1,1.2
capable,0 : 1,1.2
sensory,0 : 1,1.2
system,0 : 1,1.2
dexmedetomidine,0 : 1,1.2
intercourse,1 : 0,1.2
remove,0 : 1,1.2
set,0 : 1,1.2
utility,1 : 0,1.2
source,1 : 0,1.2
team,0 : 1,1.2
subsequent,0 : 1,1.2
dna,1 : 0,1.2
restriction,0 : 1,1.2
achieved,1 : 0,1.2
final,0 : 1,1.2
via,0 : 1,1.2
interest,1 : 0,1.2
long,0 : 1,1.2
bone,0 : 1,1.2
direct,0 : 1,1.2
resulting,0 : 1,1.2
absence,0 : 1,1.2
average,0 : 1,1.2
memory,1 : 0,1.2
prospectively,0 : 1,1.2
mutation,0 : 1,1.2
build,0 : 1,1.2
observed,1 : 0,1.2
detect,0 : 1,1.2
instead,0 : 1,1.2
pituitary,0 : 1,1.2
studying,0 : 1,1.2
supported,1 : 0,1.2
western,1 : 0,1.2
composition,1 : 0,1.2
initial,1 : 0,1.2
like,0 : 1,1.2
cannot,0 : 1,1.2
reactive,1 : 0,1.2
task,1 : 0,1.2
per,0 : 1,1.2
requirement,1 : 0,1.2
various,1 : 0,1.2
done,0 : 1,1.2
ability,0 : 1,1.2
recent,1 : 0,1.2
urinary,0 : 1,1.2
infection,0 : 1,1.2
necessary,0 : 1,1.2
called,1 : 0,1.2
aged,0 : 1,1.2
site,0 : 1,1.2
vitamin,0 : 1,1.2
little,0 : 1,1.2
give,0 : 1,1.2
ten,1 : 0,1.2
diet,0 : 1,1.2
acid,1 : 0,1.2
v,1 : 0,1.2
completion,0 : 1,1.2
laser,1 : 0,1.2
real,0 : 1,1.2
upper,0 : 1,1.2
anticipated,0 : 1,1.2
glycemic,1 : 0,1.2
minimum,1 : 0,1.2
strategy,0 : 1,1.2
tract,1 : 0,1.2
content,1 : 0,1.2
exercise,1 : 0,1.2
beginning,0 : 1,1.2
define,1 : 0,1.2
dosage,0 : 1,1.2
matched,0 : 1,1.2
membrane,0 : 1,1.2
obtained,0 : 1,1.2
predictive,0 : 1,1.2
exposure,1 : 0,1.2
power,1 : 0,1.2
show,0 : 1,1.2
smaller,0 : 1,1.2
participation,0 : 1,1.2
testing,1 : 0,1.2
physiological,1 : 0,1.2
baseline,0 : 1,1.2
duration,0 : 1,1.2
temperature,1 : 0,1.2
intensity,1 : 0,1.2
topical,0 : 1,1.2
random,0 : 1,1.2
injected,0 : 1,1.2
sedentary,0 : 1,1.2
stimulate,1 : 0,1.2
giving,0 : 1,1.2
started,0 : 1,1.2
twenty,1 : 0,1.2
person,0 : 1,1.2
allowing,0 : 1,1.2
bacteria,1 : 0,1.2
confidence,1 : 0,1.2
contribute,0 : 1,1.2
diverse,0 : 1,1.2
gas,0 : 1,1.2
inside,1 : 0,1.2
progress,1 : 0,1.2
radiotherapy,0 : 1,1.2
sustained,0 : 1,1.2
independently,0 : 1,1.2
mentioned,1 : 0,1.2
modulate,1 : 0,1.2
occasion,1 : 0,1.2
performing,0 : 1,1.2
relapsed,0 : 1,1.2
responds,0 : 1,1.2
showing,0 : 1,1.2
strongly,1 : 0,1.2
transcranial,0 : 1,1.2
utilized,1 : 0,1.2
selected,1 : 0,1.2
alone,0 : 1,1.2
anti,1 : 0,1.2
expressed,1 : 0,1.2
failed,0 : 1,1.2
link,0 : 1,1.2
recurrence,0 : 1,1.2
subsequently,0 : 1,1.2
facilitate,0 : 1,1.2
left,0 : 1,1.2
shoulder,0 : 1,1.2
targeting,1 : 0,1.2
influence,1 : 0,1.2
lie,1 : 0,1.2
±,0 : 1,1.2
demand,1 : 0,1.2
mainly,0 : 1,1.2
potentially,0 : 1,1.2
helpful,0 : 1,1.2
immune,1 : 0,1.2
added,1 : 0,1.2
know,0 : 1,1.2
report,0 : 1,1.2
tool,0 : 1,1.2
night,1 : 0,1.2
steroid,0 : 1,1.2
could,0 : 1,1.2
nerve,1 : 0,1.2
doe,0 : 1,1.2
achieving,1 : 0,1.2
appear,0 : 1,1.2
assist,0 : 1,1.2
autologous,0 : 1,1.2
basis,0 : 1,1.2
composed,0 : 1,1.2
differential,0 : 1,1.2
discharged,0 : 1,1.2
fill,0 : 1,1.2
area,0 : 1,1.2
frequency,1 : 0,1.1
market,0 : 1,1.1
measurement,1 : 0,1.1
transmission,0 : 1,1.1
recently,1 : 0,1.1
achieve,1 : 0,1.1
eye,0 : 1,1.1
small,1 : 0,1.1
promising,0 : 1,1.1
hormonal,0 : 1,1.1
course,1 : 0,1.1
free,0 : 1,1.1
made,0 : 1,1.1
process,0 : 1,1.1
moderate,0 : 1,1.1
structure,0 : 1,1.1
clearance,1 : 0,1.1
engage,0 : 1,1.1
generation,0 : 1,1.1
principle,0 : 1,1.1
medicine,1 : 0,1.1
training,1 : 0,1.1
allows,0 : 1,1.1
immediate,0 : 1,1.1
least,1 : 0,1.1
observation,1 : 0,1.1
rapid,0 : 1,1.1
target,1 : 0,1.1
spread,1 : 0,1.1
depth,1 : 0,1.1
airway,1 : 0,1.1
range,1 : 0,1.1
limited,1 : 0,1.1
replacement,0 : 1,1.1
sexual,1 : 0,1.1
acting,0 : 1,1.1
effectively,0 : 1,1.1
scientific,0 : 1,1.1
allowed,0 : 1,1.1
analysed,0 : 1,1.1
angle,0 : 1,1.1
diarrhea,1 : 0,1.1
vibration,0 : 1,1.1
excluded,0 : 1,1.1
harmful,1 : 0,1.1
instability,1 : 0,1.1
nearly,0 : 1,1.1
otherwise,1 : 0,1.1
pe,0 : 1,1.1
prolonged,0 : 1,1.1
shift,0 : 1,1.1
staging,0 : 1,1.1
transdermal,1 : 0,1.1
twelve,1 : 0,1.1
along,0 : 1,1.1
involve,1 : 0,1.1
generate,0 : 1,1.1
gram,0 : 1,1.1
contains,0 : 1,1.1
feel,1 : 0,1.1
finally,1 : 0,1.1
safely,0 : 1,1.1
safe,1 : 0,1.1
affected,0 : 1,1.1
reaction,0 : 1,1.1
genetic,0 : 1,1.1
accuracy,1 : 0,1.1
blockade,1 : 0,1.1
contain,0 : 1,1.1
great,1 : 0,1.1
led,0 : 1,1.1
network,0 : 1,1.1
robotic,1 : 0,1.1
remains,1 : 0,1.1
directly,0 : 1,1.1
field,0 : 1,1.1
cellular,1 : 0,1.1
check,1 : 0,1.1
consequently,0 : 1,1.1
responsible,0 : 1,1.1
limitation,0 : 1,1.1
proposal,0 : 1,1.1
essential,1 : 0,1.1
calorie,1 : 0,1.1
arthritis,0 : 1,1.1
step,0 : 1,1.1
normal,1 : 0,1.1
mesh,1 : 0,1.1
validate,0 : 1,1.1
weakness,1 : 0,1.1
respiratory,1 : 0,1.1
identified,0 : 1,1.1
admitted,0 : 1,1.1
biomarker,0 : 1,1.1
habit,0 : 1,1.1
keep,1 : 0,1.1
minimize,0 : 1,1.1
represent,0 : 1,1.1
limb,1 : 0,1.1
ratio,1 : 0,1.1
establish,1 : 0,1.1
multi,1 : 0,1.1
targeted,1 : 0,1.1
every,0 : 1,1.1
becoming,1 : 0,1.1
examining,0 : 1,1.1
feeling,1 : 0,1.1
never,1 : 0,1.1
patch,0 : 1,1.1
protection,1 : 0,1.1
hormone,1 : 0,1.1
especially,1 : 0,1.1
thereby,0 : 1,1.1
referred,0 : 1,1.1
development,0 : 1,1.1
monoclonal,1 : 0,1.1
since,0 : 1,1.1
csf,0 : 1,1.1
cvd,0 : 1,1.1
fiber,1 : 0,1.1
gender,0 : 1,1.1
maintained,1 : 0,1.1
milligram,1 : 0,1.1
minimally,0 : 1,1.1
prognosis,1 : 0,1.1
sparing,0 : 1,1.1
studied,1 : 0,1.1
maintain,0 : 1,1.1
failure,1 : 0,1.1
hope,0 : 1,1.1
capacity,1 : 0,1.1
joint,1 : 0,1.1
receptor,1 : 0,1.1
determining,1 : 0,1.1
distance,1 : 0,1.1
fecal,1 : 0,1.1
look,1 : 0,1.1
turn,0 : 1,1.1
variation,1 : 0,1.1
withdrawal,0 : 1,1.1
pharmacological,1 : 0,1.1
systemic,1 : 0,1.1
active,1 : 0,1.1
pulse,0 : 1,1.1
mean,0 : 1,1.1
required,1 : 0,1.1
extension,1 : 0,1.1
modified,0 : 1,1.1
combine,1 : 0,1.1
definitive,1 : 0,1.1
fact,1 : 0,1.1
getting,1 : 0,1.1
inhibit,1 : 0,1.1
loading,0 : 1,1.1
make,0 : 1,1.1
sign,1 : 0,1.1
additionally,1 : 0,1.1
collected,0 : 1,1.1
novel,1 : 0,1.1
decade,1 : 0,1.1
past,0 : 1,1.1
agent,0 : 1,1.1
advantage,0 : 1,1.1
light,0 : 1,1.1
obtain,0 : 1,1.1
enhance,1 : 0,1.1
investigational,1 : 0,1.1
u,1 : 0,1.1
old,1 : 0,1.1
cognitive,0 : 1,1.1
throughout,0 : 1,1.1
decline,0 : 1,1.1
needle,1 : 0,1.1
dietary,1 : 0,1.1
virus,1 : 0,1.1
short,0 : 1,1.1
enrolled,0 : 1,1.1
movement,0 : 1,1.1
ensure,1 : 0,1.1
far,1 : 0,1.1
approximately,0 : 1,1.1
acquisition,0 : 1,1.1
add,0 : 1,1.1
belief,0 : 1,1.1
believed,1 : 0,1.1
closed,0 : 1,1.1
employed,0 : 1,1.1
eventually,1 : 0,1.1
green,0 : 1,1.1
member,0 : 1,1.1
nevertheless,1 : 0,1.1
picture,0 : 1,1.1
systolic,0 : 1,1.1
tea,0 : 1,1.1
uk,1 : 0,1.1
vary,1 : 0,1.1
experimental,0 : 1,1.1
l,0 : 1,1.1
cardiorespiratory,1 : 0,1.1
severe,0 : 1,1.1
ml,1 : 0,1.1
metformin,1 : 0,1.1
analysis,0 : 1,1.1
respond,1 : 0,1.1
quantitative,0 : 1,1.1
prescription,0 : 1,1.1
ultimately,0 : 1,1.1
variable,0 : 1,1.1
g,1 : 0,1.1
model,1 : 0,1.1
arm,0 : 1,1.1
supplementation,0 : 1,1.1
blinded,0 : 1,1.1
behaviour,0 : 1,1.1
divided,0 : 1,1.1
stretching,0 : 1,1.1
ray,0 : 1,1.1
upon,0 : 1,1.1
e,1 : 0,1.1
living,1 : 0,1.1
relevant,0 : 1,1.1
measured,0 : 1,1.1
dry,1 : 0,1.1
good,0 : 1,1.1
tissue,1 : 0,1.1
must,0 : 1,1.0
relationship,1 : 0,1.0
abnormality,0 : 1,1.0
supplement,0 : 1,1.0
smoking,0 : 1,1.0
finding,1 : 0,1.0
survival,0 : 1,1.0
subjective,1 : 0,1.0
volume,1 : 0,1.0
transmitted,1 : 0,1.0
extended,1 : 0,1.0
approved,0 : 1,1.0
fda,0 : 1,1.0
beneficial,1 : 0,1.0
trained,0 : 1,1.0
allow,0 : 1,1.0
mild,1 : 0,1.0
making,0 : 1,1.0
caused,0 : 1,1.0
thus,0 : 1,1.0
certain,0 : 1,1.0
available,1 : 0,1.0
marker,0 : 1,1.0
detection,0 : 1,1.0
center,0 : 1,1.0
able,1 : 0,1.0
component,0 : 1,1.0
expected,1 : 0,1.0
might,0 : 1,1.0
core,0 : 1,1.0
comparison,0 : 1,1.0
institute,0 : 1,1.0
lead,0 : 1,1.0
important,1 : 0,1.0
still,1 : 0,1.0
leading,0 : 1,1.0
analogue,0 : 1,1.0
dependence,1 : 0,1.0
pathology,0 : 1,1.0
serum,1 : 0,1.0
within,0 : 1,1.0
doctor,0 : 1,1.0
endpoint,1 : 0,1.0
calculated,0 : 1,1.0
identification,1 : 0,1.0
modification,1 : 0,1.0
qol,0 : 1,1.0
iv,1 : 0,1.0
relation,1 : 0,1.0
carry,0 : 1,1.0
useful,1 : 0,1.0
working,0 : 1,1.0
consists,0 : 1,1.0
similar,0 : 1,1.0
exploratory,1 : 0,1.0
fully,0 : 1,1.0
peer,0 : 1,1.0
explore,0 : 1,1.0
minimal,0 : 1,1.0
another,1 : 0,1.0
sufficient,0 : 1,1.0
importance,0 : 1,1.0
older,1 : 0,1.0
